Year,Page,Question_Number,Question_Type,Instruction,Passage,Question,OptionA,OptionB,OptionC,OptionD,Answer,Detail_URL
2020,1,1,objective,,,"From the list of words lettered A to D, choose the one that is most nearly opposite in meaning to the underlined word and that will, at the same time, correctly fill the gap in the sentence. A guest should not make _derogatory_ remarks about what he is offered by his host but __________ statements.",candid,appealing,polite,complimentary,D,https://myschool.ng/classroom/english-language/58755?exam_type=waec&exam_year=2020&type=obj&page=1
2020,1,2,objective,,,"From the list of words lettered A to D, choose the one that is most nearly opposite in meaning to the underlined word and that will, at the same time, correctly fill the gap in the sentence. The audience _applauded_ the last speaker, but the first was",booed,rejected,abused,scorned,A,https://myschool.ng/classroom/english-language/58756?exam_type=waec&exam_year=2020&type=obj&page=1
2020,1,3,objective,,,"From the list of words lettered A to D, choose the one that is most nearly opposite in meaning to the underlined word and that will, at the same time, correctly fill the gap in the sentence. The commander said that _raw_ recruits could not dislodge the enemies: he needed______ men.",skilled,practical,learned,seasoned,A,https://myschool.ng/classroom/english-language/58757?exam_type=waec&exam_year=2020&type=obj&page=1
2020,1,4,objective,,,"From the list of words lettered A to D, choose the one that is most nearly opposite in meaning to the underlined word and that will, at the same time, correctly fill the gap in the sentence. John gave a _fictitious_ account of the incident but his son's account was_______",probable,compelling,factual,necessary,C,https://myschool.ng/classroom/english-language/58758?exam_type=waec&exam_year=2020&type=obj&page=1
2020,1,5,objective,,,"From the list of words lettered A to D, choose the one that is most nearly opposite in meaning to the underlined word and that will, at the same time, correctly fill the gap in the sentence. While the refuse dump smelled _fetid_ , the orchard exuded a_______Smell.",fragrant,spicy,clean,dry,A,https://myschool.ng/classroom/english-language/58759?exam_type=waec&exam_year=2020&type=obj&page=1
2020,2,6,objective,,,"From the list of words lettered A to D, choose the one that is most nearly opposite in meaning to the underlined word and that will, at the same time, correctly fill the gap in the sentence. Only some of the accused were _acquitted_ : the rest were________",remanded,convicted,detained,interdicted,B,https://myschool.ng/classroom/english-language/58760?exam_type=waec&exam_year=2020&type=obj&page=2
2020,2,7,objective,,,"From the list of words lettered A to D, choose the one that is most nearly opposite in meaning to the underlined word and that will, at the same time, correctly fill the gap in the sentence. The principal chastised Ben for his use of _coarse_ language and advised him to emulate his sister's ________ behaviour.",pure,neat,refined,organised,C,https://myschool.ng/classroom/english-language/58761?exam_type=waec&exam_year=2020&type=obj&page=2
2020,2,8,objective,,,"From the list of words lettered A to D, choose the one that is most nearly opposite in meaning to the underlined word and that will, at the same time, correctly fill the gap in the sentence. It would have been my pleasure to _accept_ your invitation but I have to ________ it because of a previous engagement.",jettison,defer,suspend,decline,D,https://myschool.ng/classroom/english-language/58762?exam_type=waec&exam_year=2020&type=obj&page=2
2020,2,9,objective,,,"From the list of words lettered A to D, choose the one that is most nearly opposite in meaning to the underlined word and that will, at the same time, correctly fill the gap in the sentence. Older people are expected to be ________ where youths are _green_ .",experienced,cautious,equipped,considerate,A,https://myschool.ng/classroom/english-language/58763?exam_type=waec&exam_year=2020&type=obj&page=2
2020,2,10,objective,,,"From the list of words lettered A to D, choose the one that is most nearly opposite in meaning to the underlined word and that will, at the same time, correctly fill the gap in the sentence. I _accidentally_ stepped on my brother but he told Mummy I did it ________",thoughtfully,intuitively,deliberately,annoyingly,C,https://myschool.ng/classroom/english-language/58764?exam_type=waec&exam_year=2020&type=obj&page=2
2020,3,11,objective,,,"From the words lettered A to D, choose the word that best completes each of the following sentences. The runner was_________ at fifteen seconds at the end of the race.",taped,timed,belled,flagged,B,https://myschool.ng/classroom/english-language/58765?exam_type=waec&exam_year=2020&type=obj&page=3
2020,3,12,objective,,,"From the words lettered A to D, choose the word that best completes each of the following sentences. The appellate court has ________ the decision of the lower court.",obstructed,nullified,neutralized,balanced,B,https://myschool.ng/classroom/english-language/58766?exam_type=waec&exam_year=2020&type=obj&page=3
2020,3,13,objective,,,"From the words lettered A to D, choose the word that best completes each of the following sentences. The defeated boxer left the ring looking extremely_________",dislocated,distorted,desert,dejected,D,https://myschool.ng/classroom/english-language/58767?exam_type=waec&exam_year=2020&type=obj&page=3
2020,3,14,objective,,,"From the words lettered A to D, choose the word that best completes each of the following sentences. There is an election _________ pending against the senator.",application,appeal,petition,complaint,C,https://myschool.ng/classroom/english-language/58768?exam_type=waec&exam_year=2020&type=obj&page=3
2020,3,15,objective,,,"From the words lettered A to D, choose the word that best completes each of the following sentences. The manager was not in when Addo called, so he left his ________ card.",supplementary,complimentary,complementary,identification,B,https://myschool.ng/classroom/english-language/58769?exam_type=waec&exam_year=2020&type=obj&page=3
2020,4,16,objective,,,"From the words lettered A to D, choose the word that best completes each of the following sentences. Coming from the kitchen was the sweet ________ of Mummy's soup.",aroma,odour,fragrance,scent,A,https://myschool.ng/classroom/english-language/58772?exam_type=waec&exam_year=2020&type=obj&page=4
2020,4,17,objective,,,"From the words lettered A to D, choose the word that best completes each of the following sentences. There is a need to raise teachers' salary in order to boost their_______",spirit,moral,soul,morale,D,https://myschool.ng/classroom/english-language/58773?exam_type=waec&exam_year=2020&type=obj&page=4
2020,4,18,objective,,,"From the words lettered A to D, choose the word that best completes each of the following sentences. The librarian has not entered the new books in the__________",catalogue,roster,list,directory,A,https://myschool.ng/classroom/english-language/58774?exam_type=waec&exam_year=2020&type=obj&page=4
2020,4,19,objective,,,"From the words lettered A to D, choose the word that best completes each of the following sentences. The textbook is very costly; I cannot_________ it to my students.",commit,afford,endorse,recommend,D,https://myschool.ng/classroom/english-language/58775?exam_type=waec&exam_year=2020&type=obj&page=4
2020,4,20,objective,,,"From the words lettered A to D, choose the word that best completes each of the following sentences. The weather is too hot; I need some water to________ my thirst.",wet,quench,cool,soak,B,https://myschool.ng/classroom/english-language/58776?exam_type=waec&exam_year=2020&type=obj&page=4
2020,5,21,objective,,,Choose the interpretation that is most appropriate for each sentence. My grandmother once told me that old habits die hard. This means that old habits are,easily corrected,difficult to change,short-lived,forever changing,B,https://myschool.ng/classroom/english-language/58777?exam_type=waec&exam_year=2020&type=obj&page=5
2020,5,22,objective,,,"Choose the interpretation that is most appropriate for each sentence. If you ask him to sing, he will do it at the drop of a hat. This means that he will sing",joyfully,melodiously,immediately,sluggishly,C,https://myschool.ng/classroom/english-language/58779?exam_type=waec&exam_year=2020&type=obj&page=5
2020,5,23,objective,,,Choose the interpretation that is most appropriate for each sentence. The man has lost a lot and he only keeps up appearances by driving a big car. This means that the man,intends to work harder,pretends that all is well,wants everybody to see him,wants to please his people,B,https://myschool.ng/classroom/english-language/58782?exam_type=waec&exam_year=2020&type=obj&page=5
2020,5,24,objective,,,Choose the interpretation that is most appropriate for each sentence. The game was tough but our team lost by a whisker. This means that our team lost by,default,a wide margin,not preparing well,a narrow margin,D,https://myschool.ng/classroom/english-language/58784?exam_type=waec&exam_year=2020&type=obj&page=5
2020,5,25,objective,,,"Choose the interpretation that is most appropriate for each sentence. When the result was announced, it was discovered that Bimbo and Pam were neck and neck. This means that Bimbo and Pam",had almost the same result,failed badly,had equal result,passed well,A,https://myschool.ng/classroom/english-language/58786?exam_type=waec&exam_year=2020&type=obj&page=5
2020,6,26,objective,,,Choose the interpretation that is most appropriate for each sentence. The old woman 's birthday was marked by her children with pomp. This means that the birthday was,greatly celebrated,remembered fondly,widely advertise,filmed and played back,A,https://myschool.ng/classroom/english-language/58789?exam_type=waec&exam_year=2020&type=obj&page=6
2020,6,27,objective,,,"Choose the interpretation that is most appropriate for each sentence. When the man was accused of stealing the money, nobody raised an eyebrow. This means that nobody was",sad,pleased,interested,surprised,D,https://myschool.ng/classroom/english-language/58790?exam_type=waec&exam_year=2020&type=obj&page=6
2020,6,28,objective,,,Choose the interpretation that is most appropriate for each sentence. People do not often rely on men who allow their exalted position to go to their head. This means that people shun those who,are highly placed,are conceited because of their position,are rude because of their position,do not do their work,B,https://myschool.ng/classroom/english-language/58791?exam_type=waec&exam_year=2020&type=obj&page=6
2020,6,29,objective,,,Choose the interpretation that is most appropriate for each sentence. The manager hit the roof when he was presented with the estimate for the new project. This means that the manager,mobilised the workers,became very angry,became very suspicious,cancelled the project,B,https://myschool.ng/classroom/english-language/58792?exam_type=waec&exam_year=2020&type=obj&page=6
2020,6,30,objective,,,"Choose the interpretation that is most appropriate for each sentence. When he received the news that he had lost the election, he did not bat an eyelid. This means that he",expected to lose the election,stood perfectly still,was shocked to have lost the election,showed no feelings,D,https://myschool.ng/classroom/english-language/58795?exam_type=waec&exam_year=2020&type=obj&page=6
2020,7,31,objective,,,choose the word or group of words that is nearest in meaning to the underlined word as it is used in the sentence. The boy was _reluctant_ to carry out the order of his senior,adamant,slow,sluggish,unwilling,D,https://myschool.ng/classroom/english-language/58802?exam_type=waec&exam_year=2020&type=obj&page=7
2020,7,32,objective,,,choose the word or group of words that is nearest in meaning to the underlined word as it is used in the sentence. Dr. Azeez _declined_ the offer to chair the meeting.,rescinded,shunned,refused,avoided,C,https://myschool.ng/classroom/english-language/58804?exam_type=waec&exam_year=2020&type=obj&page=7
2020,7,33,objective,,,choose the word or group of words that is nearest in meaning to the underlined word as it is used in the sentence. The match came to an _abrupt_ end when the rain started.,sharp,brisk,quick,sudden,D,https://myschool.ng/classroom/english-language/58806?exam_type=waec&exam_year=2020&type=obj&page=7
2020,7,34,objective,,,choose the word or group of words that is nearest in meaning to the underlined word as it is used in the sentence. The boy came through the window as _stealthily_ as he could.,quietly,carefully,quickly,slowly,A,https://myschool.ng/classroom/english-language/58808?exam_type=waec&exam_year=2020&type=obj&page=7
2020,7,35,objective,,,choose the word or group of words that is nearest in meaning to the underlined word as it is used in the sentence. Bimbo was _satisfied_ with the result she got.,positive,surprised,contented,appeased,C,https://myschool.ng/classroom/english-language/58809?exam_type=waec&exam_year=2020&type=obj&page=7
2020,8,36,objective,,,choose the word or group of words that is nearest in meaning to the underlined word as it is used in the sentence. It is _absurd_ that people find it difficult to be honest,strange,abnormal,alarming,interesting,B,https://myschool.ng/classroom/english-language/58811?exam_type=waec&exam_year=2020&type=obj&page=8
2020,8,37,objective,,,choose the word or group of words that is nearest in meaning to the underlined word as it is used in the sentence. Even a _mediocre_ student can pass that test.,dull,fresh,average,lazy,C,https://myschool.ng/classroom/english-language/58812?exam_type=waec&exam_year=2020&type=obj&page=8
2020,8,38,objective,,,choose the word or group of words that is nearest in meaning to the underlined word as it is used in the sentence. We called the carpenter to _repair_ the broken door.,restore,renovate,replace,mend,D,https://myschool.ng/classroom/english-language/58813?exam_type=waec&exam_year=2020&type=obj&page=8
2020,8,39,objective,,,choose the word or group of words that is nearest in meaning to the underlined word as it is used in the sentence. Mrs. Okpala gave the drunk a _contemptuous_ look.,happy,sorrowful,knowing,scornful,D,https://myschool.ng/classroom/english-language/58814?exam_type=waec&exam_year=2020&type=obj&page=8
2020,8,40,objective,,,choose the word or group of words that is nearest in meaning to the underlined word as it is used in the sentence. The Vice-Chancellor's speech at the occasion was _misconstrued_ .,misrepresented,misquoted,misunderstood,misreported,C,https://myschool.ng/classroom/english-language/58815?exam_type=waec&exam_year=2020&type=obj&page=8
2020,9,41,objective,,,"From the words or group of words lettered A to D, choose the word or group of words that best completes each of the following sentences. The soldiers lay_______the town to arrest the terrorists.",siege on,siege to,siege with,siege by,B,https://myschool.ng/classroom/english-language/58817?exam_type=waec&exam_year=2020&type=obj&page=9
2020,9,42,objective,,,"From the words or group of words lettered A to D, choose the word or group of words that best completes each of the following sentences. Power has not been restored_________many parts of the town.",to,in,of,with,A,https://myschool.ng/classroom/english-language/58818?exam_type=waec&exam_year=2020&type=obj&page=9
2020,9,43,objective,,,"From the words or group of words lettered A to D, choose the word or group of words that best completes each of the following sentences. We got to the hall after the p≈Çay________started.",is,have,had,was,C,https://myschool.ng/classroom/english-language/58819?exam_type=waec&exam_year=2020&type=obj&page=9
2020,9,44,objective,,,"From the words or group of words lettered A to D, choose the word or group of words that best completes each of the following sentences. The woman said the maid should________all the plates before going to bed.",wash out,wash up,wash off,wash away,B,https://myschool.ng/classroom/english-language/58821?exam_type=waec&exam_year=2020&type=obj&page=9
2020,9,45,objective,,,"From the words or group of words lettered A to D, choose the word or group of words that best completes each of the following sentences. John, would you mind lifting the box?_______","yes, i do","No, i wouldn't","Yes, i wouldn't","No, i don't",B,https://myschool.ng/classroom/english-language/58823?exam_type=waec&exam_year=2020&type=obj&page=9
2020,10,46,objective,,,"From the words or group of words lettered A to D, choose the word or group of words that best completes each of the following sentences. It was a long poem, but Rasheed learnt it________",from memory,to memory,by heart,to heart,C,https://myschool.ng/classroom/english-language/58824?exam_type=waec&exam_year=2020&type=obj&page=10
2020,10,47,objective,,,"From the words or group of words lettered A to D, choose the word or group of words that best completes each of the following sentences. Let's begin all over again,_________",may we,shall we,can we,must we,B,https://myschool.ng/classroom/english-language/58826?exam_type=waec&exam_year=2020&type=obj&page=10
2020,10,48,objective,,,"From the words or group of words lettered A to D, choose the word or group of words that best completes each of the following sentences. Something must be wrong with the school driver, he is _________today.",rather driving carelessly,carelessly driving rather,driving rather carelessly,rather carelessly driving,C,https://myschool.ng/classroom/english-language/58827?exam_type=waec&exam_year=2020&type=obj&page=10
2020,10,49,objective,,,"From the words or group of words lettered A to D, choose the word or group of words that best completes each of the following sentences. What I admire about our football team is that they love________",themselves,one another,the other,ourselves,B,https://myschool.ng/classroom/english-language/58828?exam_type=waec&exam_year=2020&type=obj&page=10
2020,10,50,objective,,,"From the words or group of words lettered A to D, choose the word or group of words that best completes each of the following sentences. This is the teacher_______told me the answer.",whom i said,who i said,who i said he,i said that he,B,https://myschool.ng/classroom/english-language/58829?exam_type=waec&exam_year=2020&type=obj&page=10
2020,11,51,objective,,,"From the words or group of words lettered A to D, choose the word or group of words that best completes each of the following sentences. Mary shouldn't have disobeyed the teacher,_________?",should she,didn't she,did she,could he,A,https://myschool.ng/classroom/english-language/58830?exam_type=waec&exam_year=2020&type=obj&page=11
2020,11,52,objective,,,"From the words or group of words lettered A to D, choose the word or group of words that best completes each of the following sentences. She wondered if the water was not_________hot for drinking.",very,so,much,too,D,https://myschool.ng/classroom/english-language/58831?exam_type=waec&exam_year=2020&type=obj&page=11
2020,11,53,objective,,,"From the words or group of words lettered A to D, choose the word or group of words that best completes each of the following sentences. I told him not to play_______fire.",on,with,beneath,upon,B,https://myschool.ng/classroom/english-language/58832?exam_type=waec&exam_year=2020&type=obj&page=11
2020,11,54,objective,,,"From the words or group of words lettered A to D, choose the word or group of words that best completes each of the following sentences. We enjoyed ourselves________much at the party.",too,that,as,very,D,https://myschool.ng/classroom/english-language/58833?exam_type=waec&exam_year=2020&type=obj&page=11
2020,11,55,objective,,,"From the words or group of words lettered A to D, choose the word or group of words that best completes each of the following sentences. You will need to commit the formula________memory.",to,in,for,by,A,https://myschool.ng/classroom/english-language/58834?exam_type=waec&exam_year=2020&type=obj&page=11
2020,12,56,objective,,,"From the words or group of words lettered A to D, choose the word or group of words that best completes each of the following sentences. The ushers told the people to_________their shoes before they enter the hall.",put off,put out,take off,take out,C,https://myschool.ng/classroom/english-language/58835?exam_type=waec&exam_year=2020&type=obj&page=12
2020,12,57,objective,,,"From the words or group of words lettered A to D, choose the word or group of words that best completes each of the following sentences. That book is neither_________",his or yours,his not yours,his nor yours,his own nor yours,C,https://myschool.ng/classroom/english-language/58836?exam_type=waec&exam_year=2020&type=obj&page=12
2020,12,58,objective,,,"From the words or group of words lettered A to D, choose the word or group of words that best completes each of the following sentences. The boy vomited a lot on the journey, doctor told us he suffered from________",travel sickness,travelling sickness,travel sicknesses,traveller sickness,A,https://myschool.ng/classroom/english-language/58837?exam_type=waec&exam_year=2020&type=obj&page=12
2020,12,59,objective,,,"From the words or group of words lettered A to D, choose the word or group of words that best completes each of the following sentences. The man gave the girl a_________ fountain pen.",small new blue,blue small new,blue new small,new small blue,D,https://myschool.ng/classroom/english-language/58838?exam_type=waec&exam_year=2020&type=obj&page=12
2020,12,60,objective,,,"From the words or group of words lettered A to D, choose the word or group of words that best completes each of the following sentences. I realized that i________you before.",had met,met,have met,meet,A,https://myschool.ng/classroom/english-language/58840?exam_type=waec&exam_year=2020&type=obj&page=12
2020,13,61,objective,,,"From the words or group of words lettered A to D, choose the word or group of words that best completes each of the following sentences. The boy had been warned not to_________the money given to him.",loosen,loose,lost,lose,D,https://myschool.ng/classroom/english-language/58841?exam_type=waec&exam_year=2020&type=obj&page=13
2020,13,62,objective,,,"From the words or group of words lettered A to D, choose the word or group of words that best completes each of the following sentences. The police officer was sacked because he gave_________the command's secret.",off,in,away,up,C,https://myschool.ng/classroom/english-language/58842?exam_type=waec&exam_year=2020&type=obj&page=13
2020,13,63,objective,,,"From the words or group of words lettered A to D, choose the word or group of words that best completes each of the following sentences. He bought a new set of_________television.",coloured,colour,colours,colouring,B,https://myschool.ng/classroom/english-language/58843?exam_type=waec&exam_year=2020&type=obj&page=13
2020,13,64,objective,,,"From the words or group of words lettered A to D, choose the word or group of words that best completes each of the following sentences. The newspaper reported that________everybody died in the accident.",hardly,almost,scarcely,barely,B,https://myschool.ng/classroom/english-language/58849?exam_type=waec&exam_year=2020&type=obj&page=13
2020,13,65,objective,,,"From the words or group of words lettered A to D, choose the word or group of words that best completes each of the following sentences. He isn't coming here,_________?",is he,isn't he,doesn't he,does he,A,https://myschool.ng/classroom/english-language/58850?exam_type=waec&exam_year=2020&type=obj&page=13
2020,14,66,objective,,,"From the words or group of words lettered A to D, choose the word or group of words that best completes each of the following sentences. __________ are often quite caring.",mother-in-law,mother-in-laws,mothers-in-laws,mothers-in-law,D,https://myschool.ng/classroom/english-language/58853?exam_type=waec&exam_year=2020&type=obj&page=14
2020,14,67,objective,,,"From the words or group of words lettered A to D, choose the word or group of words that best completes each of the following sentences. A spoilt child is usually prone________laziness.",to,for,with,at,A,https://myschool.ng/classroom/english-language/58854?exam_type=waec&exam_year=2020&type=obj&page=14
2020,14,68,objective,,,"From the words or group of words lettered A to D, choose the word or group of words that best completes each of the following sentences. We do not accept the punishment__________the boy.",meted to,meted on,meted out to,meted in to,C,https://myschool.ng/classroom/english-language/58855?exam_type=waec&exam_year=2020&type=obj&page=14
2020,14,69,objective,,,"From the words or group of words lettered A to D, choose the word or group of words that best completes each of the following sentences. The team practised intensely for weeks before the match________it lost.",still yet,for,yet,despite,C,https://myschool.ng/classroom/english-language/58858?exam_type=waec&exam_year=2020&type=obj&page=14
2020,14,70,objective,,,"From the words or group of words lettered A to D, choose the word or group of words that best completes each of the following sentences. You cannot come between my sister and________",myself,me,I,mine,B,https://myschool.ng/classroom/english-language/58859?exam_type=waec&exam_year=2020&type=obj&page=14
2020,15,71,comprehension,,"*In the following passage, the numbered gaps indicate missing words. Against each number in the list below the passage, four options are given in columns lettered* **A** to **D** . *Choose the word that is the most suitable to fill the numbered gaps in the passage.* Hardly a day passes without news of terrible accidents on our roads. Most of the time, these are caused by the ignorance and **-71-** of drivers. Besides the ignorance of the drivers, most of the vehicles that ply our roads are not **-72-** vehicles are supposed to be tested annually before certificates are issued. However, vehicle Owners are issued with these certificates even when their vehicles have not been properly **-73-** . Most of the drivers do not have valid driver's **-74 -** There are driving schools with qualified **-75-** to prepare prospective drivers. After a period of training, the prospective drivers are made to go through a road test. It is only when they pass this test that they are **-76-** to drive. Some drivers never even had a learner's **-77-** when they were learning to drive. Consequently, they have no knowledge of **-78-** rules. They are ignorant of what speed **-79-** means. To them, 100 kilometres per hour may mean minimum speed allowed. Little wonder the **-80-** on our roads.",Choose the most appropriate option for the gap labelled [....71.....] above,forgetfulness,carelessness,wickedness,doubtfulness,B,https://myschool.ng/classroom/english-language/58865?exam_type=waec&exam_year=2020&type=obj&page=15
2020,15,72,comprehension,,"*In the following passage, the numbered gaps indicate missing words. Against each number in the list below the passage, four options are given in columns lettered* **A** to **D** . *Choose the word that is the most suitable to fill the numbered gaps in the passage.* Hardly a day passes without news of terrible accidents on our roads. Most of the time, these are caused by the ignorance and **-71-** of drivers. Besides the ignorance of the drivers, most of the vehicles that ply our roads are not **-72-** vehicles are supposed to be tested annually before certificates are issued. However, vehicle Owners are issued with these certificates even when their vehicles have not been properly **-73-** . Most of the drivers do not have valid driver's **-74 -** There are driving schools with qualified **-75-** to prepare prospective drivers. After a period of training, the prospective drivers are made to go through a road test. It is only when they pass this test that they are **-76-** to drive. Some drivers never even had a learner's **-77-** when they were learning to drive. Consequently, they have no knowledge of **-78-** rules. They are ignorant of what speed **-79-** means. To them, 100 kilometres per hour may mean minimum speed allowed. Little wonder the **-80-** on our roads.",Choose the most appropriate option for the gap labelled [....72.....] above,road-friendly,roadworthy,streetwise,road-tested,B,https://myschool.ng/classroom/english-language/58866?exam_type=waec&exam_year=2020&type=obj&page=15
2020,15,73,comprehension,,"*In the following passage, the numbered gaps indicate missing words. Against each number in the list below the passage, four options are given in columns lettered* **A** to **D** . *Choose the word that is the most suitable to fill the numbered gaps in the passage.* Hardly a day passes without news of terrible accidents on our roads. Most of the time, these are caused by the ignorance and **-71-** of drivers. Besides the ignorance of the drivers, most of the vehicles that ply our roads are not **-72-** vehicles are supposed to be tested annually before certificates are issued. However, vehicle Owners are issued with these certificates even when their vehicles have not been properly **-73-** . Most of the drivers do not have valid driver's **-74 -** There are driving schools with qualified **-75-** to prepare prospective drivers. After a period of training, the prospective drivers are made to go through a road test. It is only when they pass this test that they are **-76-** to drive. Some drivers never even had a learner's **-77-** when they were learning to drive. Consequently, they have no knowledge of **-78-** rules. They are ignorant of what speed **-79-** means. To them, 100 kilometres per hour may mean minimum speed allowed. Little wonder the **-80-** on our roads.",Choose the most appropriate option for the gap labelled [....73.....] above,scrutinised,appraised,considered,inspected,D,https://myschool.ng/classroom/english-language/58868?exam_type=waec&exam_year=2020&type=obj&page=15
2020,15,74,comprehension,,"*In the following passage, the numbered gaps indicate missing words. Against each number in the list below the passage, four options are given in columns lettered* **A** to **D** . *Choose the word that is the most suitable to fill the numbered gaps in the passage.* Hardly a day passes without news of terrible accidents on our roads. Most of the time, these are caused by the ignorance and **-71-** of drivers. Besides the ignorance of the drivers, most of the vehicles that ply our roads are not **-72-** vehicles are supposed to be tested annually before certificates are issued. However, vehicle Owners are issued with these certificates even when their vehicles have not been properly **-73-** . Most of the drivers do not have valid driver's **-74 -** There are driving schools with qualified **-75-** to prepare prospective drivers. After a period of training, the prospective drivers are made to go through a road test. It is only when they pass this test that they are **-76-** to drive. Some drivers never even had a learner's **-77-** when they were learning to drive. Consequently, they have no knowledge of **-78-** rules. They are ignorant of what speed **-79-** means. To them, 100 kilometres per hour may mean minimum speed allowed. Little wonder the **-80-** on our roads.",Choose the most appropriate option for the gap labelled [....74.....] above,document,papers,licence,particulars,C,https://myschool.ng/classroom/english-language/58869?exam_type=waec&exam_year=2020&type=obj&page=15
2020,15,75,comprehension,,"*In the following passage, the numbered gaps indicate missing words. Against each number in the list below the passage, four options are given in columns lettered* **A** to **D** . *Choose the word that is the most suitable to fill the numbered gaps in the passage.* Hardly a day passes without news of terrible accidents on our roads. Most of the time, these are caused by the ignorance and **-71-** of drivers. Besides the ignorance of the drivers, most of the vehicles that ply our roads are not **-72-** vehicles are supposed to be tested annually before certificates are issued. However, vehicle Owners are issued with these certificates even when their vehicles have not been properly **-73-** . Most of the drivers do not have valid driver's **-74 -** There are driving schools with qualified **-75-** to prepare prospective drivers. After a period of training, the prospective drivers are made to go through a road test. It is only when they pass this test that they are **-76-** to drive. Some drivers never even had a learner's **-77-** when they were learning to drive. Consequently, they have no knowledge of **-78-** rules. They are ignorant of what speed **-79-** means. To them, 100 kilometres per hour may mean minimum speed allowed. Little wonder the **-80-** on our roads.",Choose the most appropriate option for the gap labelled [....75.....] above,trainers,instructors,experts,teachers,B,https://myschool.ng/classroom/english-language/58871?exam_type=waec&exam_year=2020&type=obj&page=15
2020,16,76,comprehension,,"*In the following passage, the numbered gaps indicate missing words. Against each number in the list below the passage, four options are given in columns lettered* **A** to **D** . *Choose the word that is the most suitable to fill the numbered gaps in the passage.* Hardly a day passes without news of terrible accidents on our roads. Most of the time, these are caused by the ignorance and **-71-** of drivers. Besides the ignorance of the drivers, most of the vehicles that ply our roads are not **-72-** vehicles are supposed to be tested annually before certificates are issued. However, vehicle Owners are issued with these certificates even when their vehicles have not been properly **-73-** . Most of the drivers do not have valid driver's **-74 -** There are driving schools with qualified **-75-** to prepare prospective drivers. After a period of training, the prospective drivers are made to go through a road test. It is only when they pass this test that they are **-76-** to drive. Some drivers never even had a learner's **-77-** when they were learning to drive. Consequently, they have no knowledge of **-78-** rules. They are ignorant of what speed **-79-** means. To them, 100 kilometres per hour may mean minimum speed allowed. Little wonder the **-80-** on our roads.",Choose the most appropriate option for the gap labelled [....76.....] above,certified,confirmed,graded,accredited,A,https://myschool.ng/classroom/english-language/58873?exam_type=waec&exam_year=2020&type=obj&page=16
2020,16,77,comprehension,,"*In the following passage, the numbered gaps indicate missing words. Against each number in the list below the passage, four options are given in columns lettered* **A** to **D** . *Choose the word that is the most suitable to fill the numbered gaps in the passage.* Hardly a day passes without news of terrible accidents on our roads. Most of the time, these are caused by the ignorance and **-71-** of drivers. Besides the ignorance of the drivers, most of the vehicles that ply our roads are not **-72-** vehicles are supposed to be tested annually before certificates are issued. However, vehicle Owners are issued with these certificates even when their vehicles have not been properly **-73-** . Most of the drivers do not have valid driver's **-74 -** There are driving schools with qualified **-75-** to prepare prospective drivers. After a period of training, the prospective drivers are made to go through a road test. It is only when they pass this test that they are **-76-** to drive. Some drivers never even had a learner's **-77-** when they were learning to drive. Consequently, they have no knowledge of **-78-** rules. They are ignorant of what speed **-79-** means. To them, 100 kilometres per hour may mean minimum speed allowed. Little wonder the **-80-** on our roads.",Choose the most appropriate option for the gap labelled [....77.....] above,permit,clearance,authority,order,A,https://myschool.ng/classroom/english-language/58876?exam_type=waec&exam_year=2020&type=obj&page=16
2020,16,78,comprehension,,"*In the following passage, the numbered gaps indicate missing words. Against each number in the list below the passage, four options are given in columns lettered* **A** to **D** . *Choose the word that is the most suitable to fill the numbered gaps in the passage.* Hardly a day passes without news of terrible accidents on our roads. Most of the time, these are caused by the ignorance and **-71-** of drivers. Besides the ignorance of the drivers, most of the vehicles that ply our roads are not **-72-** vehicles are supposed to be tested annually before certificates are issued. However, vehicle Owners are issued with these certificates even when their vehicles have not been properly **-73-** . Most of the drivers do not have valid driver's **-74 -** There are driving schools with qualified **-75-** to prepare prospective drivers. After a period of training, the prospective drivers are made to go through a road test. It is only when they pass this test that they are **-76-** to drive. Some drivers never even had a learner's **-77-** when they were learning to drive. Consequently, they have no knowledge of **-78-** rules. They are ignorant of what speed **-79-** means. To them, 100 kilometres per hour may mean minimum speed allowed. Little wonder the **-80-** on our roads.",Choose the most appropriate option for the gap labelled [....78.....] above,expressway,traffic,highway,road,B,https://myschool.ng/classroom/english-language/58877?exam_type=waec&exam_year=2020&type=obj&page=16
2020,16,79,comprehension,,"*In the following passage, the numbered gaps indicate missing words. Against each number in the list below the passage, four options are given in columns lettered* **A** to **D** . *Choose the word that is the most suitable to fill the numbered gaps in the passage.* Hardly a day passes without news of terrible accidents on our roads. Most of the time, these are caused by the ignorance and **-71-** of drivers. Besides the ignorance of the drivers, most of the vehicles that ply our roads are not **-72-** vehicles are supposed to be tested annually before certificates are issued. However, vehicle Owners are issued with these certificates even when their vehicles have not been properly **-73-** . Most of the drivers do not have valid driver's **-74 -** There are driving schools with qualified **-75-** to prepare prospective drivers. After a period of training, the prospective drivers are made to go through a road test. It is only when they pass this test that they are **-76-** to drive. Some drivers never even had a learner's **-77-** when they were learning to drive. Consequently, they have no knowledge of **-78-** rules. They are ignorant of what speed **-79-** means. To them, 100 kilometres per hour may mean minimum speed allowed. Little wonder the **-80-** on our roads.",Choose the most appropriate option for the gap labelled [....79.....] above,distance,control,mileage,limit,D,https://myschool.ng/classroom/english-language/58878?exam_type=waec&exam_year=2020&type=obj&page=16
2020,16,80,comprehension,,"*In the following passage, the numbered gaps indicate missing words. Against each number in the list below the passage, four options are given in columns lettered* **A** to **D** . *Choose the word that is the most suitable to fill the numbered gaps in the passage.* Hardly a day passes without news of terrible accidents on our roads. Most of the time, these are caused by the ignorance and **-71-** of drivers. Besides the ignorance of the drivers, most of the vehicles that ply our roads are not **-72-** vehicles are supposed to be tested annually before certificates are issued. However, vehicle Owners are issued with these certificates even when their vehicles have not been properly **-73-** . Most of the drivers do not have valid driver's **-74 -** There are driving schools with qualified **-75-** to prepare prospective drivers. After a period of training, the prospective drivers are made to go through a road test. It is only when they pass this test that they are **-76-** to drive. Some drivers never even had a learner's **-77-** when they were learning to drive. Consequently, they have no knowledge of **-78-** rules. They are ignorant of what speed **-79-** means. To them, 100 kilometres per hour may mean minimum speed allowed. Little wonder the **-80-** on our roads.",Choose the most appropriate option for the gap labelled [....80.....] above,murder,scenes,incidence,carnage,D,https://myschool.ng/classroom/english-language/58880?exam_type=waec&exam_year=2020&type=obj&page=16
2020,17,81,objective,,,*choose the word that has thesame vowel soundas the one represented by the letter(s) underlined.* W _o_ mb,book,fool,comb,bomb,B,https://myschool.ng/classroom/english-language/58890?exam_type=waec&exam_year=2020&type=obj&page=17
2020,17,82,objective,,,*choose the word that has thesame vowel soundas the one represented by the letter(s) underlined.* D _ir_ t,pet,worth,sword,deed,B,https://myschool.ng/classroom/english-language/58891?exam_type=waec&exam_year=2020&type=obj&page=17
2020,17,83,objective,,,*choose the word that has thesame vowel soundas the one represented by the letter(s) underlined.* W _or_ st,fiery,cord,put,worship,D,https://myschool.ng/classroom/english-language/58892?exam_type=waec&exam_year=2020&type=obj&page=17
2020,17,84,objective,,,*choose the word that has thesame vowel soundas the one represented by the letter(s) underlined.* h _a_ ll,shortage,love,courage,country,A,https://myschool.ng/classroom/english-language/58893?exam_type=waec&exam_year=2020&type=obj&page=17
2020,17,85,objective,,,*choose the word that has thesame vowel soundas the one represented by the letter(s) underlined.* p _i_ t,blight,pious,hatred,paint,C,https://myschool.ng/classroom/english-language/58895?exam_type=waec&exam_year=2020&type=obj&page=17
2020,18,86,objective,,,*choose the word that has thesame vowel soundas the one represented by the letter(s) underlined.* p _ai_ nt,plait,lisp,busy,late,D,https://myschool.ng/classroom/english-language/58897?exam_type=waec&exam_year=2020&type=obj&page=18
2020,18,87,objective,,,*choose the word that has thesame vowel soundas the one represented by the letter(s) underlined.* can _oe_,truce,pull,doe,shore,A,https://myschool.ng/classroom/english-language/58898?exam_type=waec&exam_year=2020&type=obj&page=18
2020,18,88,objective,,,*choose the word that has thesame vowel soundas the one represented by the letter(s) underlined.* f _a_ tal,hard,fat,beard,bail,D,https://myschool.ng/classroom/english-language/58899?exam_type=waec&exam_year=2020&type=obj&page=18
2020,18,89,objective,,,*choose the word that has thesame vowel soundas the one represented by the letter(s) underlined.* _jeo_ pardy,check,people,probe,fired,A,https://myschool.ng/classroom/english-language/58900?exam_type=waec&exam_year=2020&type=obj&page=18
2020,18,90,objective,,,*choose the word that has thesame vowel soundas the one represented by the letter(s) underlined.* st _u_ ff,tune,hoof,tough,doff,C,https://myschool.ng/classroom/english-language/58902?exam_type=waec&exam_year=2020&type=obj&page=18
2020,19,91,objective,,,*choose the word that has thesame vowel soundas the one represented by the letter(s) underlined.* b _ear_,her,year,fare,pie,C,https://myschool.ng/classroom/english-language/58903?exam_type=waec&exam_year=2020&type=obj&page=19
2020,19,92,objective,,,*choose the word that has thesame vowel soundas the one represented by the letter(s) underlined.* b _oi_ l,coy,soul,how,mode,A,https://myschool.ng/classroom/english-language/58905?exam_type=waec&exam_year=2020&type=obj&page=19
2020,19,93,objective,,,*choose the word that has thesame vowel soundas the one represented by the letter(s) underlined.* m _a_ n,tape,slash,palm,barn,B,https://myschool.ng/classroom/english-language/58907?exam_type=waec&exam_year=2020&type=obj&page=19
2020,19,94,objective,,,*choose the word that has thesame vowel soundas the one represented by the letter(s) underlined.* h _ear_ t,lust,clear,star,heat,C,https://myschool.ng/classroom/english-language/58909?exam_type=waec&exam_year=2020&type=obj&page=19
2020,19,95,objective,,,*choose the word that has thesame vowel soundas the one represented by the letter(s) underlined.* f _au_ lt,brought,bowl,loan,laugh,A,https://myschool.ng/classroom/english-language/58910?exam_type=waec&exam_year=2020&type=obj&page=19
2020,20,96,objective,,,*choose the word that has thesame consonant sound(s)as ihe one represented by the leter(s) underlined.* **g** irl,badge,gist,bringing,examine,D,https://myschool.ng/classroom/english-language/58916?exam_type=waec&exam_year=2020&type=obj&page=20
2020,20,97,objective,,,*choose the word that has thesame consonant sound(s)as ihe one represented by the leter(s) underlined.* _h_ eight,house,heir,honest,hour,A,https://myschool.ng/classroom/english-language/58918?exam_type=waec&exam_year=2020&type=obj&page=20
2020,20,98,objective,,,*choose the word that has thesame consonant sound(s)as ihe one represented by the leter(s) underlined.* _p_ ine,psalm,push,empty,phone,B,https://myschool.ng/classroom/english-language/58920?exam_type=waec&exam_year=2020&type=obj&page=20
2020,20,99,objective,,,*choose the word that has thesame consonant sound(s)as ihe one represented by the leter(s) underlined.* mos _t_,sniffed,though,think,listen,A,https://myschool.ng/classroom/english-language/58922?exam_type=waec&exam_year=2020&type=obj&page=20
2020,20,100,objective,,,*choose the word that has thesame consonant sound(s)as ihe one represented by the leter(s) underlined.* _z_ oo,stature,cease,days,leisure,C,https://myschool.ng/classroom/english-language/58923?exam_type=waec&exam_year=2020&type=obj&page=20
2020,21,101,objective,,,*choose the word that has thesame consonant sound(s)as ihe one represented by the leter(s) underlined.* ba _th_,heart,those,bathe,thigh,D,https://myschool.ng/classroom/english-language/58924?exam_type=waec&exam_year=2020&type=obj&page=21
2020,21,102,objective,,,*choose the word that has thesame consonant sound(s)as ihe one represented by the leter(s) underlined.* ban _d_,breath,asked,handsome,dream,D,https://myschool.ng/classroom/english-language/58925?exam_type=waec&exam_year=2020&type=obj&page=21
2020,21,103,objective,,,*choose the word that has thesame consonant sound(s)as ihe one represented by the leter(s) underlined.* ar _ch_ ive,challenge,match,chimera,chime,C,https://myschool.ng/classroom/english-language/58928?exam_type=waec&exam_year=2020&type=obj&page=21
2020,21,104,objective,,,*choose the word that has thesame consonant sound(s)as ihe one represented by the leter(s) underlined.* s _w_ ine,one,new,know,seen,A,https://myschool.ng/classroom/english-language/58930?exam_type=waec&exam_year=2020&type=obj&page=21
2020,21,105,objective,,,*choose the word that has thesame consonant sound(s)as ihe one represented by the leter(s) underlined.* ba _s_ e,boys,clash,lace,lazy,C,https://myschool.ng/classroom/english-language/58931?exam_type=waec&exam_year=2020&type=obj&page=21
2020,22,106,objective,,,*Choose the word that has thesame consonant sound(s)as ihe one represented by the letter(s) underlined.* we _pt_,castle,apostle,slapped,passed,C,https://myschool.ng/classroom/english-language/58933?exam_type=waec&exam_year=2020&type=obj&page=22
2020,22,107,objective,,,*choose the word that has thesame consonant sound(s)as ihe one represented by the leter(s) underlined.* car _d_,sandwich,hedge,soldier,maiden,D,https://myschool.ng/classroom/english-language/58934?exam_type=waec&exam_year=2020&type=obj&page=22
2020,22,108,objective,,,*choose the word that has thesame consonant sound(s)as ihe one represented by the leter(s) underlined.* _f_ etch,approve,tough,thorough,believe,B,https://myschool.ng/classroom/english-language/58936?exam_type=waec&exam_year=2020&type=obj&page=22
2020,22,109,objective,,,*choose the word that has thesame consonant sound(s)as ihe one represented by the leter(s) underlined.* a _rr_ est,lure,shirt,rule,spurn,C,https://myschool.ng/classroom/english-language/58938?exam_type=waec&exam_year=2020&type=obj&page=22
2020,22,110,objective,,,*choose the word that has thesame consonant sound(s)as ihe one represented by the leter(s) underlined.* wri _tes_,wards,costs,wins,dines,B,https://myschool.ng/classroom/english-language/58939?exam_type=waec&exam_year=2020&type=obj&page=22
2020,23,111,objective,,,*choose the word thatrhymeswith the given word* . suite,thrice,suit,sweet,sweat,C,https://myschool.ng/classroom/english-language/58942?exam_type=waec&exam_year=2020&type=obj&page=23
2020,23,112,objective,,,*choose the word thatrhymeswith the given word* . incite,inside,disquiet,excite,surmise,C,https://myschool.ng/classroom/english-language/58944?exam_type=waec&exam_year=2020&type=obj&page=23
2020,23,113,objective,,,*choose the word thatrhymeswith the given word* . flood,chord,cud,curd,call,B,https://myschool.ng/classroom/english-language/58945?exam_type=waec&exam_year=2020&type=obj&page=23
2020,23,114,objective,,,*choose the word thatrhymeswith the given word* . receipt,unkempt,dealt,deceit,leapt,C,https://myschool.ng/classroom/english-language/58946?exam_type=waec&exam_year=2020&type=obj&page=23
2020,23,115,objective,,,*choose the word thatrhymeswith the given word* . firm,born,worm,burn,girl,B,https://myschool.ng/classroom/english-language/58947?exam_type=waec&exam_year=2020&type=obj&page=23
2020,24,116,objective,,,"*From the words lettered A to D, choose the one that has thecorrect stress.* overwhelming",O-ver-whelm-ing,o-VER-whelm-ing,o-ver-WHELM-ing,o-ver-whelm-ING,C,https://myschool.ng/classroom/english-language/58950?exam_type=waec&exam_year=2020&type=obj&page=24
2020,24,117,objective,,,"*From the words lettered A to D, choose the one that has thecorrect stress.* melancholy",MEL-an-chol-y,mel-AN-chol-y,mel-an-CHOL-y,mel-an-chol-Y,A,https://myschool.ng/classroom/english-language/58951?exam_type=waec&exam_year=2020&type=obj&page=24
2020,24,118,objective,,,"*From the words lettered A to D, choose the one that has thecorrect stress.* inflammation",IN-flam-ma-tion,in-FLAM-ma-tion,in-flam-Ma-tion,in-flam-ma-TION,C,https://myschool.ng/classroom/english-language/58953?exam_type=waec&exam_year=2020&type=obj&page=24
2020,24,119,objective,,,"*From the words lettered A to D, choose the one that has thecorrect stress.* calculation",CAL-cu-la-tion,cal-CU-la-tion,cal-cu-LA-tion,cal-cu-la-TION,C,https://myschool.ng/classroom/english-language/58955?exam_type=waec&exam_year=2020&type=obj&page=24
2020,24,120,objective,,,"*From the words lettered A to D, choose the one that has thecorrect stress.* economic",EC-o-nom-ic,ec-O-nom-ic,ec-o-NOM-ic,ec-o-nom-IC,C,https://myschool.ng/classroom/english-language/58957?exam_type=waec&exam_year=2020&type=obj&page=24
2020,25,121,objective,,,"In the following options lettered A to D, all the words except one have the same stress pattern. Identify the one with the different **stress pattern.**",undo,ado,unless,legal,D,https://myschool.ng/classroom/english-language/58958?exam_type=waec&exam_year=2020&type=obj&page=25
2020,25,122,objective,,,"In the following options lettered A to D, all the words except one have the same stress pattern. Identify the one with the different **stress pattern.**",despite,petrol,wardrobe,vomit,A,https://myschool.ng/classroom/english-language/58959?exam_type=waec&exam_year=2020&type=obj&page=25
2020,25,123,objective,,,"In the following options lettered A to D, all the words except one have the same stress pattern. Identify the one with the different **stress pattern.**",typist,orphan,mattress,cigar,D,https://myschool.ng/classroom/english-language/58961?exam_type=waec&exam_year=2020&type=obj&page=25
2020,25,124,objective,,,"In the following options lettered A to D, all the words except one have the same stress pattern. Identify the one with the different **stress pattern.**",colleague,acute,extent,success,A,https://myschool.ng/classroom/english-language/58962?exam_type=waec&exam_year=2020&type=obj&page=25
2020,25,125,objective,,,"In the following options lettered A to D, all the words except one have the same stress pattern. Identify the one with the different **stress pattern.**",formative,character,designate,continue,D,https://myschool.ng/classroom/english-language/58964?exam_type=waec&exam_year=2020&type=obj&page=25
2020,26,126,objective,,,"the word that receives the **emphatic stress** is written in capital letters. From the questions lettered A to D, choose the one to which the given sentence is the appropriate answer. The man **BROUGHT** the newspaper.",Did the woman bring the newspaper?,Did the man bring a newspaper?,Did the man bring the magazine?,Did the man read the newspaper?,D,https://myschool.ng/classroom/english-language/58965?exam_type=waec&exam_year=2020&type=obj&page=26
2020,26,127,objective,,,"the word that receives the **emphatic stress** is written in capital letters. From the questions lettered A to D, choose the one to which the given sentence is the appropriate answer. The woman wants **MY** car.",Does the woman want my radio?,Does the man want my car?,Does the woman want his car?,Does the woman need my car?,C,https://myschool.ng/classroom/english-language/58967?exam_type=waec&exam_year=2020&type=obj&page=26
2020,26,128,objective,,,"the word that receives the **emphatic stress** is written in capital letters. From the questions lettered A to D, choose the one to which the given sentence is the appropriate answer. The president **SPOKE** to the press yesterday.",Did the minister speak to the press yesterday?,Did the president speak to the lecturers yesterday?,Did the president wave to the press yesterday?,Did the president speak to the press today?,,https://myschool.ng/classroom/english-language/58968?exam_type=waec&exam_year=2020&type=obj&page=26
2020,26,129,objective,,,"the word that receives the **emphatic stress** is written in capital letters. From the questions lettered A to D, choose the one to which the given sentence is the appropriate answer. Comfort prepared a **DELICIOUS** meal.",Did Comfort prepare a delicious snack?,Did Comfort prepare a tasteless meal?,Did Jummy prepare a delicious meal?,Did Comfort order a delicious meal?,B,https://myschool.ng/classroom/english-language/58970?exam_type=waec&exam_year=2020&type=obj&page=26
2020,26,130,objective,,,"the word that receives the **emphatic stress** is written in capital letters. From the questions lettered A to D, choose the one to which the given sentence is the appropriate answer. **OUR** Mathematics teacher has been transferred.",Has their Mathematics teacher been transferred?,Has our Physics teacher been transferred?,Has our Mathematics teacher been promoted?,Has our Mathematics supervisor been transferred?,A,https://myschool.ng/classroom/english-language/58971?exam_type=waec&exam_year=2020&type=obj&page=26
2020,27,131,objective,,,"*From the words lettered A to D, choose the word that contains the sound represented by the givenphonetic symbol.* /ai/",rare,ice,air,fuel,B,https://myschool.ng/classroom/english-language/58974?exam_type=waec&exam_year=2020&type=obj&page=27
2020,27,132,objective,,,"*From the words lettered A to D, choose the word that contains the sound represented by the givenphonetic symbol.* /√¶l",bag,park,get,class,A,https://myschool.ng/classroom/english-language/58976?exam_type=waec&exam_year=2020&type=obj&page=27
2020,27,133,objective,,,"*From the words lettered A to D, choose the word that contains the sound represented by the givenphonetic symbol.* /d/",handkerchief,passed,handsome,bride,D,https://myschool.ng/classroom/english-language/58978?exam_type=waec&exam_year=2020&type=obj&page=27
2020,27,134,objective,,,"*From the words lettered A to D, choose the word that contains the sound represented by the givenphonetic symbol.* /e/",bite,leave,spare,heaven,D,https://myschool.ng/classroom/english-language/58980?exam_type=waec&exam_year=2020&type=obj&page=27
2020,27,135,objective,,,"*From the words lettered A to D, choose the word that contains the sound represented by the givenphonetic symbol.* **/** boa/",bore,warp,wander,wonder,A,https://myschool.ng/classroom/english-language/58981?exam_type=waec&exam_year=2020&type=obj&page=27
2020,28,136,objective,,,"*From the words lettered A to D, choose the word that contains the sound represented by the givenphonetic symbol.* */* k/",civil,choral,chore,choose,B,https://myschool.ng/classroom/english-language/58983?exam_type=waec&exam_year=2020&type=obj&page=28
2020,28,137,objective,,,"*From the words lettered A to D, choose the word that contains the sound represented by the givenphonetic symbol.* */* g/",gnash,target,gnaw,sing,B,https://myschool.ng/classroom/english-language/58984?exam_type=waec&exam_year=2020&type=obj&page=28
2020,28,138,objective,,,"*From the words lettered A to D, choose the word that contains the sound represented by the givenphonetic symbol.* */* u:/",work,grew,teeth,bull,B,https://myschool.ng/classroom/english-language/58986?exam_type=waec&exam_year=2020&type=obj&page=28
2020,28,139,objective,,,"*From the words lettered A to D, choose the word that contains the sound represented by the givenphonetic symbol.* */*  É/",badge,catch,bastion,edition,D,https://myschool.ng/classroom/english-language/58987?exam_type=waec&exam_year=2020&type=obj&page=28
2020,28,140,objective,,,"*From the words lettered A to D, choose the word that contains the sound represented by the givenphonetic symbol.* */* ≈ã/",know,chance,lean,living,D,https://myschool.ng/classroom/english-language/58988?exam_type=waec&exam_year=2020&type=obj&page=28
